--
-- PostgreSQL database dump
--

-- Dumped from database version 15.0
-- Dumped by pg_dump version 15.0

SET statement_timeout = 0;
SET lock_timeout = 0;
SET idle_in_transaction_session_timeout = 0;
SET client_encoding = 'UTF8';
SET standard_conforming_strings = on;
SELECT pg_catalog.set_config('search_path', '', false);
SET check_function_bodies = false;
SET xmloption = content;
SET client_min_messages = warning;
SET row_security = off;

SET default_tablespace = '';

SET default_table_access_method = heap;

--
-- Name: Package_tracking_platform_client; Type: TABLE; Schema: public; Owner: postgres
--

CREATE TABLE public."Package_tracking_platform_client" (
    id bigint NOT NULL,
    name character varying(100) NOT NULL,
    lastname character varying(100) NOT NULL,
    email character varying(254) NOT NULL,
    password character varying(100) NOT NULL
);


ALTER TABLE public."Package_tracking_platform_client" OWNER TO postgres;

--
-- Name: Package_tracking_platform_client_id_seq; Type: SEQUENCE; Schema: public; Owner: postgres
--

ALTER TABLE public."Package_tracking_platform_client" ALTER COLUMN id ADD GENERATED BY DEFAULT AS IDENTITY (
    SEQUENCE NAME public."Package_tracking_platform_client_id_seq"
    START WITH 1
    INCREMENT BY 1
    NO MINVALUE
    NO MAXVALUE
    CACHE 1
);


--
-- Name: Package_tracking_platform_employee; Type: TABLE; Schema: public; Owner: postgres
--

CREATE TABLE public."Package_tracking_platform_employee" (
    id bigint NOT NULL,
    name character varying(100) NOT NULL,
    lastname character varying(100) NOT NULL,
    email character varying(254) NOT NULL,
    password character varying(100) NOT NULL
);


ALTER TABLE public."Package_tracking_platform_employee" OWNER TO postgres;

--
-- Name: Package_tracking_platform_employee_id_seq; Type: SEQUENCE; Schema: public; Owner: postgres
--

ALTER TABLE public."Package_tracking_platform_employee" ALTER COLUMN id ADD GENERATED BY DEFAULT AS IDENTITY (
    SEQUENCE NAME public."Package_tracking_platform_employee_id_seq"
    START WITH 1
    INCREMENT BY 1
    NO MINVALUE
    NO MAXVALUE
    CACHE 1
);


--
-- Name: Package_tracking_platform_package; Type: TABLE; Schema: public; Owner: postgres
--

CREATE TABLE public."Package_tracking_platform_package" (
    id bigint NOT NULL,
    tracking_id character varying(100) NOT NULL,
    weight double precision NOT NULL,
    destination character varying(100) NOT NULL,
    warehousearrival timestamp with time zone NOT NULL,
    price double precision NOT NULL,
    client_id bigint NOT NULL
);


ALTER TABLE public."Package_tracking_platform_package" OWNER TO postgres;

--
-- Name: Package_tracking_platform_package_id_seq; Type: SEQUENCE; Schema: public; Owner: postgres
--

ALTER TABLE public."Package_tracking_platform_package" ALTER COLUMN id ADD GENERATED BY DEFAULT AS IDENTITY (
    SEQUENCE NAME public."Package_tracking_platform_package_id_seq"
    START WITH 1
    INCREMENT BY 1
    NO MINVALUE
    NO MAXVALUE
    CACHE 1
);


--
-- Name: Package_tracking_platform_packagemovement; Type: TABLE; Schema: public; Owner: postgres
--

CREATE TABLE public."Package_tracking_platform_packagemovement" (
    id bigint NOT NULL,
    package_id bigint NOT NULL,
    warehouse_id bigint NOT NULL
);


ALTER TABLE public."Package_tracking_platform_packagemovement" OWNER TO postgres;

--
-- Name: Package_tracking_platform_packagemovement_id_seq; Type: SEQUENCE; Schema: public; Owner: postgres
--

ALTER TABLE public."Package_tracking_platform_packagemovement" ALTER COLUMN id ADD GENERATED BY DEFAULT AS IDENTITY (
    SEQUENCE NAME public."Package_tracking_platform_packagemovement_id_seq"
    START WITH 1
    INCREMENT BY 1
    NO MINVALUE
    NO MAXVALUE
    CACHE 1
);


--
-- Name: Package_tracking_platform_packagescan; Type: TABLE; Schema: public; Owner: postgres
--

CREATE TABLE public."Package_tracking_platform_packagescan" (
    id bigint NOT NULL,
    date timestamp with time zone NOT NULL,
    employee_id bigint NOT NULL,
    package_id bigint NOT NULL
);


ALTER TABLE public."Package_tracking_platform_packagescan" OWNER TO postgres;

--
-- Name: Package_tracking_platform_packagescan_id_seq; Type: SEQUENCE; Schema: public; Owner: postgres
--

ALTER TABLE public."Package_tracking_platform_packagescan" ALTER COLUMN id ADD GENERATED BY DEFAULT AS IDENTITY (
    SEQUENCE NAME public."Package_tracking_platform_packagescan_id_seq"
    START WITH 1
    INCREMENT BY 1
    NO MINVALUE
    NO MAXVALUE
    CACHE 1
);


--
-- Name: Package_tracking_platform_warehouse; Type: TABLE; Schema: public; Owner: postgres
--

CREATE TABLE public."Package_tracking_platform_warehouse" (
    id bigint NOT NULL,
    country character varying(100) NOT NULL,
    town character varying(100) NOT NULL
);


ALTER TABLE public."Package_tracking_platform_warehouse" OWNER TO postgres;

--
-- Name: Package_tracking_platform_warehouse_id_seq; Type: SEQUENCE; Schema: public; Owner: postgres
--

ALTER TABLE public."Package_tracking_platform_warehouse" ALTER COLUMN id ADD GENERATED BY DEFAULT AS IDENTITY (
    SEQUENCE NAME public."Package_tracking_platform_warehouse_id_seq"
    START WITH 1
    INCREMENT BY 1
    NO MINVALUE
    NO MAXVALUE
    CACHE 1
);


--
-- Name: auth_group; Type: TABLE; Schema: public; Owner: postgres
--

CREATE TABLE public.auth_group (
    id integer NOT NULL,
    name character varying(150) NOT NULL
);


ALTER TABLE public.auth_group OWNER TO postgres;

--
-- Name: auth_group_id_seq; Type: SEQUENCE; Schema: public; Owner: postgres
--

ALTER TABLE public.auth_group ALTER COLUMN id ADD GENERATED BY DEFAULT AS IDENTITY (
    SEQUENCE NAME public.auth_group_id_seq
    START WITH 1
    INCREMENT BY 1
    NO MINVALUE
    NO MAXVALUE
    CACHE 1
);


--
-- Name: auth_group_permissions; Type: TABLE; Schema: public; Owner: postgres
--

CREATE TABLE public.auth_group_permissions (
    id bigint NOT NULL,
    group_id integer NOT NULL,
    permission_id integer NOT NULL
);


ALTER TABLE public.auth_group_permissions OWNER TO postgres;

--
-- Name: auth_group_permissions_id_seq; Type: SEQUENCE; Schema: public; Owner: postgres
--

ALTER TABLE public.auth_group_permissions ALTER COLUMN id ADD GENERATED BY DEFAULT AS IDENTITY (
    SEQUENCE NAME public.auth_group_permissions_id_seq
    START WITH 1
    INCREMENT BY 1
    NO MINVALUE
    NO MAXVALUE
    CACHE 1
);


--
-- Name: auth_permission; Type: TABLE; Schema: public; Owner: postgres
--

CREATE TABLE public.auth_permission (
    id integer NOT NULL,
    name character varying(255) NOT NULL,
    content_type_id integer NOT NULL,
    codename character varying(100) NOT NULL
);


ALTER TABLE public.auth_permission OWNER TO postgres;

--
-- Name: auth_permission_id_seq; Type: SEQUENCE; Schema: public; Owner: postgres
--

ALTER TABLE public.auth_permission ALTER COLUMN id ADD GENERATED BY DEFAULT AS IDENTITY (
    SEQUENCE NAME public.auth_permission_id_seq
    START WITH 1
    INCREMENT BY 1
    NO MINVALUE
    NO MAXVALUE
    CACHE 1
);


--
-- Name: auth_user; Type: TABLE; Schema: public; Owner: postgres
--

CREATE TABLE public.auth_user (
    id integer NOT NULL,
    password character varying(128) NOT NULL,
    last_login timestamp with time zone,
    is_superuser boolean NOT NULL,
    username character varying(150) NOT NULL,
    first_name character varying(150) NOT NULL,
    last_name character varying(150) NOT NULL,
    email character varying(254) NOT NULL,
    is_staff boolean NOT NULL,
    is_active boolean NOT NULL,
    date_joined timestamp with time zone NOT NULL
);


ALTER TABLE public.auth_user OWNER TO postgres;

--
-- Name: auth_user_groups; Type: TABLE; Schema: public; Owner: postgres
--

CREATE TABLE public.auth_user_groups (
    id bigint NOT NULL,
    user_id integer NOT NULL,
    group_id integer NOT NULL
);


ALTER TABLE public.auth_user_groups OWNER TO postgres;

--
-- Name: auth_user_groups_id_seq; Type: SEQUENCE; Schema: public; Owner: postgres
--

ALTER TABLE public.auth_user_groups ALTER COLUMN id ADD GENERATED BY DEFAULT AS IDENTITY (
    SEQUENCE NAME public.auth_user_groups_id_seq
    START WITH 1
    INCREMENT BY 1
    NO MINVALUE
    NO MAXVALUE
    CACHE 1
);


--
-- Name: auth_user_id_seq; Type: SEQUENCE; Schema: public; Owner: postgres
--

ALTER TABLE public.auth_user ALTER COLUMN id ADD GENERATED BY DEFAULT AS IDENTITY (
    SEQUENCE NAME public.auth_user_id_seq
    START WITH 1
    INCREMENT BY 1
    NO MINVALUE
    NO MAXVALUE
    CACHE 1
);


--
-- Name: auth_user_user_permissions; Type: TABLE; Schema: public; Owner: postgres
--

CREATE TABLE public.auth_user_user_permissions (
    id bigint NOT NULL,
    user_id integer NOT NULL,
    permission_id integer NOT NULL
);


ALTER TABLE public.auth_user_user_permissions OWNER TO postgres;

--
-- Name: auth_user_user_permissions_id_seq; Type: SEQUENCE; Schema: public; Owner: postgres
--

ALTER TABLE public.auth_user_user_permissions ALTER COLUMN id ADD GENERATED BY DEFAULT AS IDENTITY (
    SEQUENCE NAME public.auth_user_user_permissions_id_seq
    START WITH 1
    INCREMENT BY 1
    NO MINVALUE
    NO MAXVALUE
    CACHE 1
);


--
-- Name: django_admin_log; Type: TABLE; Schema: public; Owner: postgres
--

CREATE TABLE public.django_admin_log (
    id integer NOT NULL,
    action_time timestamp with time zone NOT NULL,
    object_id text,
    object_repr character varying(200) NOT NULL,
    action_flag smallint NOT NULL,
    change_message text NOT NULL,
    content_type_id integer,
    user_id integer NOT NULL,
    CONSTRAINT django_admin_log_action_flag_check CHECK ((action_flag >= 0))
);


ALTER TABLE public.django_admin_log OWNER TO postgres;

--
-- Name: django_admin_log_id_seq; Type: SEQUENCE; Schema: public; Owner: postgres
--

ALTER TABLE public.django_admin_log ALTER COLUMN id ADD GENERATED BY DEFAULT AS IDENTITY (
    SEQUENCE NAME public.django_admin_log_id_seq
    START WITH 1
    INCREMENT BY 1
    NO MINVALUE
    NO MAXVALUE
    CACHE 1
);


--
-- Name: django_content_type; Type: TABLE; Schema: public; Owner: postgres
--

CREATE TABLE public.django_content_type (
    id integer NOT NULL,
    app_label character varying(100) NOT NULL,
    model character varying(100) NOT NULL
);


ALTER TABLE public.django_content_type OWNER TO postgres;

--
-- Name: django_content_type_id_seq; Type: SEQUENCE; Schema: public; Owner: postgres
--

ALTER TABLE public.django_content_type ALTER COLUMN id ADD GENERATED BY DEFAULT AS IDENTITY (
    SEQUENCE NAME public.django_content_type_id_seq
    START WITH 1
    INCREMENT BY 1
    NO MINVALUE
    NO MAXVALUE
    CACHE 1
);


--
-- Name: django_migrations; Type: TABLE; Schema: public; Owner: postgres
--

CREATE TABLE public.django_migrations (
    id bigint NOT NULL,
    app character varying(255) NOT NULL,
    name character varying(255) NOT NULL,
    applied timestamp with time zone NOT NULL
);


ALTER TABLE public.django_migrations OWNER TO postgres;

--
-- Name: django_migrations_id_seq; Type: SEQUENCE; Schema: public; Owner: postgres
--

ALTER TABLE public.django_migrations ALTER COLUMN id ADD GENERATED BY DEFAULT AS IDENTITY (
    SEQUENCE NAME public.django_migrations_id_seq
    START WITH 1
    INCREMENT BY 1
    NO MINVALUE
    NO MAXVALUE
    CACHE 1
);


--
-- Name: django_session; Type: TABLE; Schema: public; Owner: postgres
--

CREATE TABLE public.django_session (
    session_key character varying(40) NOT NULL,
    session_data text NOT NULL,
    expire_date timestamp with time zone NOT NULL
);


ALTER TABLE public.django_session OWNER TO postgres;

--
-- Data for Name: Package_tracking_platform_client; Type: TABLE DATA; Schema: public; Owner: postgres
--

COPY public."Package_tracking_platform_client" (id, name, lastname, email, password) FROM stdin;
\.


--
-- Data for Name: Package_tracking_platform_employee; Type: TABLE DATA; Schema: public; Owner: postgres
--

COPY public."Package_tracking_platform_employee" (id, name, lastname, email, password) FROM stdin;
\.


--
-- Data for Name: Package_tracking_platform_package; Type: TABLE DATA; Schema: public; Owner: postgres
--

COPY public."Package_tracking_platform_package" (id, tracking_id, weight, destination, warehousearrival, price, client_id) FROM stdin;
\.


--
-- Data for Name: Package_tracking_platform_packagemovement; Type: TABLE DATA; Schema: public; Owner: postgres
--

COPY public."Package_tracking_platform_packagemovement" (id, package_id, warehouse_id) FROM stdin;
\.


--
-- Data for Name: Package_tracking_platform_packagescan; Type: TABLE DATA; Schema: public; Owner: postgres
--

COPY public."Package_tracking_platform_packagescan" (id, date, employee_id, package_id) FROM stdin;
\.


--
-- Data for Name: Package_tracking_platform_warehouse; Type: TABLE DATA; Schema: public; Owner: postgres
--

COPY public."Package_tracking_platform_warehouse" (id, country, town) FROM stdin;
\.


--
-- Data for Name: auth_group; Type: TABLE DATA; Schema: public; Owner: postgres
--

COPY public.auth_group (id, name) FROM stdin;
\.


--
-- Data for Name: auth_group_permissions; Type: TABLE DATA; Schema: public; Owner: postgres
--

COPY public.auth_group_permissions (id, group_id, permission_id) FROM stdin;
\.


--
-- Data for Name: auth_permission; Type: TABLE DATA; Schema: public; Owner: postgres
--

COPY public.auth_permission (id, name, content_type_id, codename) FROM stdin;
1	Can add log entry	1	add_logentry
2	Can change log entry	1	change_logentry
3	Can delete log entry	1	delete_logentry
4	Can view log entry	1	view_logentry
5	Can add permission	2	add_permission
6	Can change permission	2	change_permission
7	Can delete permission	2	delete_permission
8	Can view permission	2	view_permission
9	Can add group	3	add_group
10	Can change group	3	change_group
11	Can delete group	3	delete_group
12	Can view group	3	view_group
13	Can add user	4	add_user
14	Can change user	4	change_user
15	Can delete user	4	delete_user
16	Can view user	4	view_user
17	Can add content type	5	add_contenttype
18	Can change content type	5	change_contenttype
19	Can delete content type	5	delete_contenttype
20	Can view content type	5	view_contenttype
21	Can add session	6	add_session
22	Can change session	6	change_session
23	Can delete session	6	delete_session
24	Can view session	6	view_session
25	Can add user profile	7	add_userprofile
26	Can change user profile	7	change_userprofile
27	Can delete user profile	7	delete_userprofile
28	Can view user profile	7	view_userprofile
29	Can add warehouse	8	add_warehouse
30	Can change warehouse	8	change_warehouse
31	Can delete warehouse	8	delete_warehouse
32	Can view warehouse	8	view_warehouse
33	Can add package movement	9	add_packagemovement
34	Can change package movement	9	change_packagemovement
35	Can delete package movement	9	delete_packagemovement
36	Can view package movement	9	view_packagemovement
37	Can add employee	10	add_employee
38	Can change employee	10	change_employee
39	Can delete employee	10	delete_employee
40	Can view employee	10	view_employee
41	Can add package scan	11	add_packagescan
42	Can change package scan	11	change_packagescan
43	Can delete package scan	11	delete_packagescan
44	Can view package scan	11	view_packagescan
45	Can add client	12	add_client
46	Can change client	12	change_client
47	Can delete client	12	delete_client
48	Can view client	12	view_client
49	Can add package	13	add_package
50	Can change package	13	change_package
51	Can delete package	13	delete_package
52	Can view package	13	view_package
53	Can add user profile	14	add_userprofile
54	Can change user profile	14	change_userprofile
55	Can delete user profile	14	delete_userprofile
56	Can view user profile	14	view_userprofile
\.


--
-- Data for Name: auth_user; Type: TABLE DATA; Schema: public; Owner: postgres
--

COPY public.auth_user (id, password, last_login, is_superuser, username, first_name, last_name, email, is_staff, is_active, date_joined) FROM stdin;
1	pbkdf2_sha256$720000$iGNtdntT2uQS4C5YtzQz0p$Lb1F2wguOgq8q/KkiiCTQIbENGPc2Iy0IKqeHGb9m+A=	2024-05-31 14:39:13.546351+02	f	engraoul			hyacintheraoulmbegham@gmail.com	f	t	2024-05-31 13:55:46.343654+02
3	pbkdf2_sha256$720000$uEFluATbDYG4mieySpo4c1$7Eh9s+yZjdNg/+X+QEO0Fg763KveyxcKJE0rzYal4ho=	2024-05-31 16:05:11.853364+02	f	drraoul			djessonghelen@gmail.com	f	t	2024-05-31 16:04:57.390115+02
4	pbkdf2_sha256$720000$Pm7cSJJkNqDpABfIMKDHjn$hds1+Ezti42phKUezM/XJMuPDG5aNfg5ze7sNkoDUWc=	2024-05-31 17:57:28.047639+02	f	himelda			okr@gmail.com	f	t	2024-05-31 16:15:49.465402+02
2	pbkdf2_sha256$720000$QSsJP8vYw5YzjyMZHroSrR$IAhPEiyG0VTucwGI8cLIWY5IbmKJxqIipHktHDMVaq8=	2024-05-31 22:43:46.585331+02	f	lapach			ariellebikogokemane@gmail.com	f	t	2024-05-31 15:59:04.580437+02
\.


--
-- Data for Name: auth_user_groups; Type: TABLE DATA; Schema: public; Owner: postgres
--

COPY public.auth_user_groups (id, user_id, group_id) FROM stdin;
\.


--
-- Data for Name: auth_user_user_permissions; Type: TABLE DATA; Schema: public; Owner: postgres
--

COPY public.auth_user_user_permissions (id, user_id, permission_id) FROM stdin;
\.


--
-- Data for Name: django_admin_log; Type: TABLE DATA; Schema: public; Owner: postgres
--

COPY public.django_admin_log (id, action_time, object_id, object_repr, action_flag, change_message, content_type_id, user_id) FROM stdin;
\.


--
-- Data for Name: django_content_type; Type: TABLE DATA; Schema: public; Owner: postgres
--

COPY public.django_content_type (id, app_label, model) FROM stdin;
1	admin	logentry
2	auth	permission
3	auth	group
4	auth	user
5	contenttypes	contenttype
6	sessions	session
7	Package_Tracking_Platform	userprofile
8	Package_tracking_platform	warehouse
9	Package_tracking_platform	packagemovement
10	Package_tracking_platform	employee
11	Package_tracking_platform	packagescan
12	Package_tracking_platform	client
13	Package_tracking_platform	package
14	Package_Tracking_Platform1	userprofile
\.


--
-- Data for Name: django_migrations; Type: TABLE DATA; Schema: public; Owner: postgres
--

COPY public.django_migrations (id, app, name, applied) FROM stdin;
1	contenttypes	0001_initial	2024-05-31 13:53:32.722127+02
2	auth	0001_initial	2024-05-31 13:53:33.771642+02
3	admin	0001_initial	2024-05-31 13:53:34.035258+02
4	admin	0002_logentry_remove_auto_add	2024-05-31 13:53:34.07837+02
5	admin	0003_logentry_add_action_flag_choices	2024-05-31 13:53:34.120355+02
6	contenttypes	0002_remove_content_type_name	2024-05-31 13:53:34.153345+02
7	auth	0002_alter_permission_name_max_length	2024-05-31 13:53:34.169341+02
8	auth	0003_alter_user_email_max_length	2024-05-31 13:53:34.187335+02
9	auth	0004_alter_user_username_opts	2024-05-31 13:53:34.204329+02
10	auth	0005_alter_user_last_login_null	2024-05-31 13:53:34.223324+02
11	auth	0006_require_contenttypes_0002	2024-05-31 13:53:34.225322+02
12	auth	0007_alter_validators_add_error_messages	2024-05-31 13:53:34.238319+02
13	auth	0008_alter_user_username_max_length	2024-05-31 13:53:34.324291+02
14	auth	0009_alter_user_last_name_max_length	2024-05-31 13:53:34.339286+02
15	auth	0010_alter_group_name_max_length	2024-05-31 13:53:34.414262+02
16	auth	0011_update_proxy_permissions	2024-05-31 13:53:34.431259+02
17	auth	0012_alter_user_first_name_max_length	2024-05-31 13:53:34.463247+02
18	sessions	0001_initial	2024-05-31 13:53:34.704145+02
19	Package_tracking_platform	0001_initial	2024-05-31 23:00:01.0811+02
\.


--
-- Data for Name: django_session; Type: TABLE DATA; Schema: public; Owner: postgres
--

COPY public.django_session (session_key, session_data, expire_date) FROM stdin;
h0fgejz2wk7863cmowkd2y46782w7g30	.eJxVjEEOwiAQRe_C2hAKtjAu3fcMZJgZpGpoUtqV8e7apAvd_vfef6mI21ri1mSJE6uLOqvT75aQHlJ3wHest1nTXNdlSnpX9EGbHmeW5_Vw_w4KtvKtIQ0A4NhK7jx1ZHtHFILPYllsSokGi056lACcjRUwDowIMAXvclbvD_3-OOI:1sD4dE:mwvXTX-thJE4SFqpkk-wJ4u_Yx6clMxC3BT1MYun3HQ	2024-06-14 17:57:28.82839+02
pf1frqezu9eh1dwsu79ozwvi8ked8g5w	.eJxVjEEOwiAQRe_C2pCBUmBcuvcMZOiAVA0kpV0Z765NutDtf-_9lwi0rSVsPS1hZnEWWpx-t0jTI9Ud8J3qrcmp1XWZo9wVedAur43T83K4fweFevnWzmpIOGA2xo-WHVA25JBwyMYDOqc1K_QxgkEerCYDMVtWnKIaCUi8P7u1N0o:1sD96I:jnKSsEZQDt3JA3Cdkswn9Bu6_ahzd89sDxnEveAazfI	2024-06-14 22:43:46.589329+02
\.


--
-- Name: Package_tracking_platform_client_id_seq; Type: SEQUENCE SET; Schema: public; Owner: postgres
--

SELECT pg_catalog.setval('public."Package_tracking_platform_client_id_seq"', 1, false);


--
-- Name: Package_tracking_platform_employee_id_seq; Type: SEQUENCE SET; Schema: public; Owner: postgres
--

SELECT pg_catalog.setval('public."Package_tracking_platform_employee_id_seq"', 1, false);


--
-- Name: Package_tracking_platform_package_id_seq; Type: SEQUENCE SET; Schema: public; Owner: postgres
--

SELECT pg_catalog.setval('public."Package_tracking_platform_package_id_seq"', 1, false);


--
-- Name: Package_tracking_platform_packagemovement_id_seq; Type: SEQUENCE SET; Schema: public; Owner: postgres
--

SELECT pg_catalog.setval('public."Package_tracking_platform_packagemovement_id_seq"', 1, false);


--
-- Name: Package_tracking_platform_packagescan_id_seq; Type: SEQUENCE SET; Schema: public; Owner: postgres
--

SELECT pg_catalog.setval('public."Package_tracking_platform_packagescan_id_seq"', 1, false);


--
-- Name: Package_tracking_platform_warehouse_id_seq; Type: SEQUENCE SET; Schema: public; Owner: postgres
--

SELECT pg_catalog.setval('public."Package_tracking_platform_warehouse_id_seq"', 1, false);


--
-- Name: auth_group_id_seq; Type: SEQUENCE SET; Schema: public; Owner: postgres
--

SELECT pg_catalog.setval('public.auth_group_id_seq', 1, false);


--
-- Name: auth_group_permissions_id_seq; Type: SEQUENCE SET; Schema: public; Owner: postgres
--

SELECT pg_catalog.setval('public.auth_group_permissions_id_seq', 1, false);


--
-- Name: auth_permission_id_seq; Type: SEQUENCE SET; Schema: public; Owner: postgres
--

SELECT pg_catalog.setval('public.auth_permission_id_seq', 56, true);


--
-- Name: auth_user_groups_id_seq; Type: SEQUENCE SET; Schema: public; Owner: postgres
--

SELECT pg_catalog.setval('public.auth_user_groups_id_seq', 1, false);


--
-- Name: auth_user_id_seq; Type: SEQUENCE SET; Schema: public; Owner: postgres
--

SELECT pg_catalog.setval('public.auth_user_id_seq', 4, true);


--
-- Name: auth_user_user_permissions_id_seq; Type: SEQUENCE SET; Schema: public; Owner: postgres
--

SELECT pg_catalog.setval('public.auth_user_user_permissions_id_seq', 1, false);


--
-- Name: django_admin_log_id_seq; Type: SEQUENCE SET; Schema: public; Owner: postgres
--

SELECT pg_catalog.setval('public.django_admin_log_id_seq', 1, false);


--
-- Name: django_content_type_id_seq; Type: SEQUENCE SET; Schema: public; Owner: postgres
--

SELECT pg_catalog.setval('public.django_content_type_id_seq', 14, true);


--
-- Name: django_migrations_id_seq; Type: SEQUENCE SET; Schema: public; Owner: postgres
--

SELECT pg_catalog.setval('public.django_migrations_id_seq', 19, true);


--
-- Name: Package_tracking_platform_client Package_tracking_platform_client_email_key; Type: CONSTRAINT; Schema: public; Owner: postgres
--

ALTER TABLE ONLY public."Package_tracking_platform_client"
    ADD CONSTRAINT "Package_tracking_platform_client_email_key" UNIQUE (email);


--
-- Name: Package_tracking_platform_client Package_tracking_platform_client_pkey; Type: CONSTRAINT; Schema: public; Owner: postgres
--

ALTER TABLE ONLY public."Package_tracking_platform_client"
    ADD CONSTRAINT "Package_tracking_platform_client_pkey" PRIMARY KEY (id);


--
-- Name: Package_tracking_platform_employee Package_tracking_platform_employee_email_key; Type: CONSTRAINT; Schema: public; Owner: postgres
--

ALTER TABLE ONLY public."Package_tracking_platform_employee"
    ADD CONSTRAINT "Package_tracking_platform_employee_email_key" UNIQUE (email);


--
-- Name: Package_tracking_platform_employee Package_tracking_platform_employee_pkey; Type: CONSTRAINT; Schema: public; Owner: postgres
--

ALTER TABLE ONLY public."Package_tracking_platform_employee"
    ADD CONSTRAINT "Package_tracking_platform_employee_pkey" PRIMARY KEY (id);


--
-- Name: Package_tracking_platform_package Package_tracking_platform_package_pkey; Type: CONSTRAINT; Schema: public; Owner: postgres
--

ALTER TABLE ONLY public."Package_tracking_platform_package"
    ADD CONSTRAINT "Package_tracking_platform_package_pkey" PRIMARY KEY (id);


--
-- Name: Package_tracking_platform_package Package_tracking_platform_package_tracking_id_key; Type: CONSTRAINT; Schema: public; Owner: postgres
--

ALTER TABLE ONLY public."Package_tracking_platform_package"
    ADD CONSTRAINT "Package_tracking_platform_package_tracking_id_key" UNIQUE (tracking_id);


--
-- Name: Package_tracking_platform_packagemovement Package_tracking_platform_packagemovement_pkey; Type: CONSTRAINT; Schema: public; Owner: postgres
--

ALTER TABLE ONLY public."Package_tracking_platform_packagemovement"
    ADD CONSTRAINT "Package_tracking_platform_packagemovement_pkey" PRIMARY KEY (id);


--
-- Name: Package_tracking_platform_packagescan Package_tracking_platform_packagescan_pkey; Type: CONSTRAINT; Schema: public; Owner: postgres
--

ALTER TABLE ONLY public."Package_tracking_platform_packagescan"
    ADD CONSTRAINT "Package_tracking_platform_packagescan_pkey" PRIMARY KEY (id);


--
-- Name: Package_tracking_platform_warehouse Package_tracking_platform_warehouse_pkey; Type: CONSTRAINT; Schema: public; Owner: postgres
--

ALTER TABLE ONLY public."Package_tracking_platform_warehouse"
    ADD CONSTRAINT "Package_tracking_platform_warehouse_pkey" PRIMARY KEY (id);


--
-- Name: auth_group auth_group_name_key; Type: CONSTRAINT; Schema: public; Owner: postgres
--

ALTER TABLE ONLY public.auth_group
    ADD CONSTRAINT auth_group_name_key UNIQUE (name);


--
-- Name: auth_group_permissions auth_group_permissions_group_id_permission_id_0cd325b0_uniq; Type: CONSTRAINT; Schema: public; Owner: postgres
--

ALTER TABLE ONLY public.auth_group_permissions
    ADD CONSTRAINT auth_group_permissions_group_id_permission_id_0cd325b0_uniq UNIQUE (group_id, permission_id);


--
-- Name: auth_group_permissions auth_group_permissions_pkey; Type: CONSTRAINT; Schema: public; Owner: postgres
--

ALTER TABLE ONLY public.auth_group_permissions
    ADD CONSTRAINT auth_group_permissions_pkey PRIMARY KEY (id);


--
-- Name: auth_group auth_group_pkey; Type: CONSTRAINT; Schema: public; Owner: postgres
--

ALTER TABLE ONLY public.auth_group
    ADD CONSTRAINT auth_group_pkey PRIMARY KEY (id);


--
-- Name: auth_permission auth_permission_content_type_id_codename_01ab375a_uniq; Type: CONSTRAINT; Schema: public; Owner: postgres
--

ALTER TABLE ONLY public.auth_permission
    ADD CONSTRAINT auth_permission_content_type_id_codename_01ab375a_uniq UNIQUE (content_type_id, codename);


--
-- Name: auth_permission auth_permission_pkey; Type: CONSTRAINT; Schema: public; Owner: postgres
--

ALTER TABLE ONLY public.auth_permission
    ADD CONSTRAINT auth_permission_pkey PRIMARY KEY (id);


--
-- Name: auth_user_groups auth_user_groups_pkey; Type: CONSTRAINT; Schema: public; Owner: postgres
--

ALTER TABLE ONLY public.auth_user_groups
    ADD CONSTRAINT auth_user_groups_pkey PRIMARY KEY (id);


--
-- Name: auth_user_groups auth_user_groups_user_id_group_id_94350c0c_uniq; Type: CONSTRAINT; Schema: public; Owner: postgres
--

ALTER TABLE ONLY public.auth_user_groups
    ADD CONSTRAINT auth_user_groups_user_id_group_id_94350c0c_uniq UNIQUE (user_id, group_id);


--
-- Name: auth_user auth_user_pkey; Type: CONSTRAINT; Schema: public; Owner: postgres
--

ALTER TABLE ONLY public.auth_user
    ADD CONSTRAINT auth_user_pkey PRIMARY KEY (id);


--
-- Name: auth_user_user_permissions auth_user_user_permissions_pkey; Type: CONSTRAINT; Schema: public; Owner: postgres
--

ALTER TABLE ONLY public.auth_user_user_permissions
    ADD CONSTRAINT auth_user_user_permissions_pkey PRIMARY KEY (id);


--
-- Name: auth_user_user_permissions auth_user_user_permissions_user_id_permission_id_14a6b632_uniq; Type: CONSTRAINT; Schema: public; Owner: postgres
--

ALTER TABLE ONLY public.auth_user_user_permissions
    ADD CONSTRAINT auth_user_user_permissions_user_id_permission_id_14a6b632_uniq UNIQUE (user_id, permission_id);


--
-- Name: auth_user auth_user_username_key; Type: CONSTRAINT; Schema: public; Owner: postgres
--

ALTER TABLE ONLY public.auth_user
    ADD CONSTRAINT auth_user_username_key UNIQUE (username);


--
-- Name: django_admin_log django_admin_log_pkey; Type: CONSTRAINT; Schema: public; Owner: postgres
--

ALTER TABLE ONLY public.django_admin_log
    ADD CONSTRAINT django_admin_log_pkey PRIMARY KEY (id);


--
-- Name: django_content_type django_content_type_app_label_model_76bd3d3b_uniq; Type: CONSTRAINT; Schema: public; Owner: postgres
--

ALTER TABLE ONLY public.django_content_type
    ADD CONSTRAINT django_content_type_app_label_model_76bd3d3b_uniq UNIQUE (app_label, model);


--
-- Name: django_content_type django_content_type_pkey; Type: CONSTRAINT; Schema: public; Owner: postgres
--

ALTER TABLE ONLY public.django_content_type
    ADD CONSTRAINT django_content_type_pkey PRIMARY KEY (id);


--
-- Name: django_migrations django_migrations_pkey; Type: CONSTRAINT; Schema: public; Owner: postgres
--

ALTER TABLE ONLY public.django_migrations
    ADD CONSTRAINT django_migrations_pkey PRIMARY KEY (id);


--
-- Name: django_session django_session_pkey; Type: CONSTRAINT; Schema: public; Owner: postgres
--

ALTER TABLE ONLY public.django_session
    ADD CONSTRAINT django_session_pkey PRIMARY KEY (session_key);


--
-- Name: Package_tracking_platform_client_email_89907c41_like; Type: INDEX; Schema: public; Owner: postgres
--

CREATE INDEX "Package_tracking_platform_client_email_89907c41_like" ON public."Package_tracking_platform_client" USING btree (email varchar_pattern_ops);


--
-- Name: Package_tracking_platform_employee_email_8db70318_like; Type: INDEX; Schema: public; Owner: postgres
--

CREATE INDEX "Package_tracking_platform_employee_email_8db70318_like" ON public."Package_tracking_platform_employee" USING btree (email varchar_pattern_ops);


--
-- Name: Package_tracking_platform_package_client_id_7bed43b2; Type: INDEX; Schema: public; Owner: postgres
--

CREATE INDEX "Package_tracking_platform_package_client_id_7bed43b2" ON public."Package_tracking_platform_package" USING btree (client_id);


--
-- Name: Package_tracking_platform_package_tracking_id_7f35094b_like; Type: INDEX; Schema: public; Owner: postgres
--

CREATE INDEX "Package_tracking_platform_package_tracking_id_7f35094b_like" ON public."Package_tracking_platform_package" USING btree (tracking_id varchar_pattern_ops);


--
-- Name: Package_tracking_platform_packagemovement_package_id_81f0c767; Type: INDEX; Schema: public; Owner: postgres
--

CREATE INDEX "Package_tracking_platform_packagemovement_package_id_81f0c767" ON public."Package_tracking_platform_packagemovement" USING btree (package_id);


--
-- Name: Package_tracking_platform_packagemovement_warehouse_id_7f8befc9; Type: INDEX; Schema: public; Owner: postgres
--

CREATE INDEX "Package_tracking_platform_packagemovement_warehouse_id_7f8befc9" ON public."Package_tracking_platform_packagemovement" USING btree (warehouse_id);


--
-- Name: Package_tracking_platform_packagescan_employee_id_d5478660; Type: INDEX; Schema: public; Owner: postgres
--

CREATE INDEX "Package_tracking_platform_packagescan_employee_id_d5478660" ON public."Package_tracking_platform_packagescan" USING btree (employee_id);


--
-- Name: Package_tracking_platform_packagescan_package_id_7c405b2b; Type: INDEX; Schema: public; Owner: postgres
--

CREATE INDEX "Package_tracking_platform_packagescan_package_id_7c405b2b" ON public."Package_tracking_platform_packagescan" USING btree (package_id);


--
-- Name: auth_group_name_a6ea08ec_like; Type: INDEX; Schema: public; Owner: postgres
--

CREATE INDEX auth_group_name_a6ea08ec_like ON public.auth_group USING btree (name varchar_pattern_ops);


--
-- Name: auth_group_permissions_group_id_b120cbf9; Type: INDEX; Schema: public; Owner: postgres
--

CREATE INDEX auth_group_permissions_group_id_b120cbf9 ON public.auth_group_permissions USING btree (group_id);


--
-- Name: auth_group_permissions_permission_id_84c5c92e; Type: INDEX; Schema: public; Owner: postgres
--

CREATE INDEX auth_group_permissions_permission_id_84c5c92e ON public.auth_group_permissions USING btree (permission_id);


--
-- Name: auth_permission_content_type_id_2f476e4b; Type: INDEX; Schema: public; Owner: postgres
--

CREATE INDEX auth_permission_content_type_id_2f476e4b ON public.auth_permission USING btree (content_type_id);


--
-- Name: auth_user_groups_group_id_97559544; Type: INDEX; Schema: public; Owner: postgres
--

CREATE INDEX auth_user_groups_group_id_97559544 ON public.auth_user_groups USING btree (group_id);


--
-- Name: auth_user_groups_user_id_6a12ed8b; Type: INDEX; Schema: public; Owner: postgres
--

CREATE INDEX auth_user_groups_user_id_6a12ed8b ON public.auth_user_groups USING btree (user_id);


--
-- Name: auth_user_user_permissions_permission_id_1fbb5f2c; Type: INDEX; Schema: public; Owner: postgres
--

CREATE INDEX auth_user_user_permissions_permission_id_1fbb5f2c ON public.auth_user_user_permissions USING btree (permission_id);


--
-- Name: auth_user_user_permissions_user_id_a95ead1b; Type: INDEX; Schema: public; Owner: postgres
--

CREATE INDEX auth_user_user_permissions_user_id_a95ead1b ON public.auth_user_user_permissions USING btree (user_id);


--
-- Name: auth_user_username_6821ab7c_like; Type: INDEX; Schema: public; Owner: postgres
--

CREATE INDEX auth_user_username_6821ab7c_like ON public.auth_user USING btree (username varchar_pattern_ops);


--
-- Name: django_admin_log_content_type_id_c4bce8eb; Type: INDEX; Schema: public; Owner: postgres
--

CREATE INDEX django_admin_log_content_type_id_c4bce8eb ON public.django_admin_log USING btree (content_type_id);


--
-- Name: django_admin_log_user_id_c564eba6; Type: INDEX; Schema: public; Owner: postgres
--

CREATE INDEX django_admin_log_user_id_c564eba6 ON public.django_admin_log USING btree (user_id);


--
-- Name: django_session_expire_date_a5c62663; Type: INDEX; Schema: public; Owner: postgres
--

CREATE INDEX django_session_expire_date_a5c62663 ON public.django_session USING btree (expire_date);


--
-- Name: django_session_session_key_c0390e0f_like; Type: INDEX; Schema: public; Owner: postgres
--

CREATE INDEX django_session_session_key_c0390e0f_like ON public.django_session USING btree (session_key varchar_pattern_ops);


--
-- Name: Package_tracking_platform_package Package_tracking_pla_client_id_7bed43b2_fk_Package_t; Type: FK CONSTRAINT; Schema: public; Owner: postgres
--

ALTER TABLE ONLY public."Package_tracking_platform_package"
    ADD CONSTRAINT "Package_tracking_pla_client_id_7bed43b2_fk_Package_t" FOREIGN KEY (client_id) REFERENCES public."Package_tracking_platform_client"(id) DEFERRABLE INITIALLY DEFERRED;


--
-- Name: Package_tracking_platform_packagescan Package_tracking_pla_employee_id_d5478660_fk_Package_t; Type: FK CONSTRAINT; Schema: public; Owner: postgres
--

ALTER TABLE ONLY public."Package_tracking_platform_packagescan"
    ADD CONSTRAINT "Package_tracking_pla_employee_id_d5478660_fk_Package_t" FOREIGN KEY (employee_id) REFERENCES public."Package_tracking_platform_employee"(id) DEFERRABLE INITIALLY DEFERRED;


--
-- Name: Package_tracking_platform_packagescan Package_tracking_pla_package_id_7c405b2b_fk_Package_t; Type: FK CONSTRAINT; Schema: public; Owner: postgres
--

ALTER TABLE ONLY public."Package_tracking_platform_packagescan"
    ADD CONSTRAINT "Package_tracking_pla_package_id_7c405b2b_fk_Package_t" FOREIGN KEY (package_id) REFERENCES public."Package_tracking_platform_package"(id) DEFERRABLE INITIALLY DEFERRED;


--
-- Name: Package_tracking_platform_packagemovement Package_tracking_pla_package_id_81f0c767_fk_Package_t; Type: FK CONSTRAINT; Schema: public; Owner: postgres
--

ALTER TABLE ONLY public."Package_tracking_platform_packagemovement"
    ADD CONSTRAINT "Package_tracking_pla_package_id_81f0c767_fk_Package_t" FOREIGN KEY (package_id) REFERENCES public."Package_tracking_platform_package"(id) DEFERRABLE INITIALLY DEFERRED;


--
-- Name: Package_tracking_platform_packagemovement Package_tracking_pla_warehouse_id_7f8befc9_fk_Package_t; Type: FK CONSTRAINT; Schema: public; Owner: postgres
--

ALTER TABLE ONLY public."Package_tracking_platform_packagemovement"
    ADD CONSTRAINT "Package_tracking_pla_warehouse_id_7f8befc9_fk_Package_t" FOREIGN KEY (warehouse_id) REFERENCES public."Package_tracking_platform_warehouse"(id) DEFERRABLE INITIALLY DEFERRED;


--
-- Name: auth_group_permissions auth_group_permissio_permission_id_84c5c92e_fk_auth_perm; Type: FK CONSTRAINT; Schema: public; Owner: postgres
--

ALTER TABLE ONLY public.auth_group_permissions
    ADD CONSTRAINT auth_group_permissio_permission_id_84c5c92e_fk_auth_perm FOREIGN KEY (permission_id) REFERENCES public.auth_permission(id) DEFERRABLE INITIALLY DEFERRED;


--
-- Name: auth_group_permissions auth_group_permissions_group_id_b120cbf9_fk_auth_group_id; Type: FK CONSTRAINT; Schema: public; Owner: postgres
--

ALTER TABLE ONLY public.auth_group_permissions
    ADD CONSTRAINT auth_group_permissions_group_id_b120cbf9_fk_auth_group_id FOREIGN KEY (group_id) REFERENCES public.auth_group(id) DEFERRABLE INITIALLY DEFERRED;


--
-- Name: auth_permission auth_permission_content_type_id_2f476e4b_fk_django_co; Type: FK CONSTRAINT; Schema: public; Owner: postgres
--

ALTER TABLE ONLY public.auth_permission
    ADD CONSTRAINT auth_permission_content_type_id_2f476e4b_fk_django_co FOREIGN KEY (content_type_id) REFERENCES public.django_content_type(id) DEFERRABLE INITIALLY DEFERRED;


--
-- Name: auth_user_groups auth_user_groups_group_id_97559544_fk_auth_group_id; Type: FK CONSTRAINT; Schema: public; Owner: postgres
--

ALTER TABLE ONLY public.auth_user_groups
    ADD CONSTRAINT auth_user_groups_group_id_97559544_fk_auth_group_id FOREIGN KEY (group_id) REFERENCES public.auth_group(id) DEFERRABLE INITIALLY DEFERRED;


--
-- Name: auth_user_groups auth_user_groups_user_id_6a12ed8b_fk_auth_user_id; Type: FK CONSTRAINT; Schema: public; Owner: postgres
--

ALTER TABLE ONLY public.auth_user_groups
    ADD CONSTRAINT auth_user_groups_user_id_6a12ed8b_fk_auth_user_id FOREIGN KEY (user_id) REFERENCES public.auth_user(id) DEFERRABLE INITIALLY DEFERRED;


--
-- Name: auth_user_user_permissions auth_user_user_permi_permission_id_1fbb5f2c_fk_auth_perm; Type: FK CONSTRAINT; Schema: public; Owner: postgres
--

ALTER TABLE ONLY public.auth_user_user_permissions
    ADD CONSTRAINT auth_user_user_permi_permission_id_1fbb5f2c_fk_auth_perm FOREIGN KEY (permission_id) REFERENCES public.auth_permission(id) DEFERRABLE INITIALLY DEFERRED;


--
-- Name: auth_user_user_permissions auth_user_user_permissions_user_id_a95ead1b_fk_auth_user_id; Type: FK CONSTRAINT; Schema: public; Owner: postgres
--

ALTER TABLE ONLY public.auth_user_user_permissions
    ADD CONSTRAINT auth_user_user_permissions_user_id_a95ead1b_fk_auth_user_id FOREIGN KEY (user_id) REFERENCES public.auth_user(id) DEFERRABLE INITIALLY DEFERRED;


--
-- Name: django_admin_log django_admin_log_content_type_id_c4bce8eb_fk_django_co; Type: FK CONSTRAINT; Schema: public; Owner: postgres
--

ALTER TABLE ONLY public.django_admin_log
    ADD CONSTRAINT django_admin_log_content_type_id_c4bce8eb_fk_django_co FOREIGN KEY (content_type_id) REFERENCES public.django_content_type(id) DEFERRABLE INITIALLY DEFERRED;


--
-- Name: django_admin_log django_admin_log_user_id_c564eba6_fk_auth_user_id; Type: FK CONSTRAINT; Schema: public; Owner: postgres
--

ALTER TABLE ONLY public.django_admin_log
    ADD CONSTRAINT django_admin_log_user_id_c564eba6_fk_auth_user_id FOREIGN KEY (user_id) REFERENCES public.auth_user(id) DEFERRABLE INITIALLY DEFERRED;


--
-- PostgreSQL database dump complete
--

